{"cameraMode":{"drawMode":0,"name":"Shaded","section":"Shading Mode"},"sceneLighting":false,"audioPlay":false,"sceneViewState":{"m_AlwaysRefresh":false,"showFog":false,"showSkybox":false,"showFlares":false,"showImageEffects":false,"showParticleSystems":false,"showVisualEffectGraphs":true,"m_FxEnabled":true},"in2DMode":false,"pivot":{"x":-0.01694449782371521,"y":0.8931267261505127,"z":0.04246208071708679},"rotation":{"x":-0.09048483520746231,"y":-0.1166638508439064,"z":-0.010388351045548916,"w":0.989142119884491},"size":1.0266048908233643,"orthographic":false}