{"cameraMode":{"drawMode":0,"name":"Shaded","section":"Shading Mode"},"sceneLighting":false,"audioPlay":false,"sceneViewState":{"m_AlwaysRefresh":false,"showFog":false,"showSkybox":false,"showFlares":false,"showImageEffects":false,"showParticleSystems":false,"showVisualEffectGraphs":true,"m_FxEnabled":true},"in2DMode":false,"pivot":{"x":0.013616204261779786,"y":0.8629295825958252,"z":0.01238393783569336},"rotation":{"x":0.10810217261314392,"y":0.01755208894610405,"z":-0.0016251207562163473,"w":0.9941392540931702},"size":1.2247494459152222,"orthographic":false}